Tamanho,M,N,Python_Tempo_Medio,Python_Tempo_Desvio,Python_Memoria_MB,Python_Iteracoes,C_Tempo_Medio,C_Tempo_Desvio,C_Memoria_MB,C_Iteracoes,Speedup,Reducao_Memoria
50x50,50,50,9.064873528480529,1.1983836680556028,5.440625,138.0,0.1179,0.014802,2.0,138,76.88611983444045,63.239517518667434
60x60,60,60,18.08390748500824,0.7961383033004178,7.02421875,166.7,0.2673,0.049004,3.0,172,67.6539748784446,57.290623957290634
70x70,70,70,42.376935195922854,5.683765469628898,10.72890625,203.7,0.4219,0.023649,5.0,204,100.44307939303829,53.39692710988131
80x80,80,80,61.85591034889221,4.144421995637704,18.05390625,240.8,0.7437,0.024552,8.0,241,83.17320202889903,55.688259985287125
90x90,90,90,87.86325154304504,12.751470248612135,27.623828125,272.7,1.1777,0.06003,11.0,266,74.60580074980474,60.17930624885106
100x100,100,100,86.00179901123047,37.123981400644794,38.619921875,308.0,1.8023,0.089466,16.0,301,47.71780447829467,58.5706049541303
